<?xml version="1.0" encoding="UTF-8"?>
<project-private xmlns="http://www.netbeans.org/ns/project-private/1">
    <editor-bookmarks xmlns="http://www.netbeans.org/ns/editor-bookmarks/2" lastBookmarkId="0"/>
    <open-files xmlns="http://www.netbeans.org/ns/projectui-open-files/2">
        <group>
            <file>file:/F:/Smt%203/PBO%20A/project/ProyekAkhir_A_YukSehatYuk/src/com/credit/Credit.java</file>
            <file>file:/F:/Smt%203/PBO%20A/project/ProyekAkhir_A_YukSehatYuk/src/com/Interface/JumlahPembelian.java</file>
            <file>file:/F:/Smt%203/PBO%20A/project/ProyekAkhir_A_YukSehatYuk/src/com/Interface/Interface.java</file>
            <file>file:/F:/Smt%203/PBO%20A/project/ProyekAkhir_A_YukSehatYuk/src/com/Interface/Checking.java</file>
            <file>file:/F:/Smt%203/PBO%20A/project/ProyekAkhir_A_YukSehatYuk/src/com/Interface/Promo.java</file>
            <file>file:/F:/Smt%203/PBO%20A/project/ProyekAkhir_A_YukSehatYuk/src/com/Home/HalamanUtama.java</file>
        </group>
    </open-files>
</project-private>
